Block Name,Point ID,mu_eff,mu_t,object_id,Points_0,Points_1,Points_2,Points_Magnitude,pressure,TKE,TKED,vel_0,vel_1,vel_Magnitude,yplus
block_0,0,0.00405415,0.00391129,0,119.95,0.0075,0,119.95,0.000742782,0.00215022,0.000106288,1.12388,8.40489e-07,1.12388,0
block_0,1,0.00405233,0.00390947,0,119.95,0.0225,0,119.95,0.000742588,0.00215738,0.000107047,1.1237,1.47598e-06,1.1237,0
block_0,2,0.00405158,0.00390872,0,119.95,0.0375,0,119.95,0.00074261,0.00217275,0.000108599,1.12334,1.8826e-06,1.12334,0
block_0,3,0.00405218,0.00390933,0,119.95,0.0525,0,119.95,0.000742678,0.00219624,0.000110944,1.12279,2.28577e-06,1.12279,0
block_0,4,0.00405451,0.00391165,0,119.95,0.0675,0,119.95,0.000742741,0.00222776,0.000114085,1.12206,2.70224e-06,1.12206,0
block_0,5,0.00405895,0.00391609,0,119.95,0.0825,0,119.95,0.000742811,0.00226712,0.00011802,1.12115,3.11227e-06,1.12115,0
block_0,6,0.00406589,0.00392303,0,119.95,0.0975,0,119.95,0.000742892,0.00231413,0.00012275,1.12005,3.51116e-06,1.12005,0
block_0,7,0.00407566,0.0039328,0,119.95,0.1125,0,119.95,0.000742983,0.00236851,0.000128271,1.11878,3.89865e-06,1.11878,0
block_0,8,0.00408847,0.00394562,0,119.95,0.1275,0,119.95,0.000743084,0.00242998,0.00013458,1.11733,4.27362e-06,1.11733,0
block_0,9,0.00410444,0.00396159,0,119.95,0.1425,0,119.95,0.000743193,0.00249819,0.000141672,1.1157,4.63462e-06,1.1157,0
block_0,10,0.00412355,0.00398069,0,119.95,0.1575,0,119.95,0.000743312,0.00257277,0.000149542,1.1139,4.9804e-06,1.1139,0
block_0,11,0.00414564,0.00400279,0,119.95,0.1725,0,119.95,0.000743439,0.00265333,0.000158181,1.11194,5.30986e-06,1.11194,0
block_0,12,0.00417048,0.00402763,0,119.95,0.1875,0,119.95,0.000743573,0.00273946,0.000167583,1.10981,5.62207e-06,1.10981,0
block_0,13,0.00419773,0.00405487,0,119.95,0.2025,0,119.95,0.000743715,0.00283075,0.000177743,1.10751,5.91622e-06,1.10751,0
block_0,14,0.00422697,0.00408411,0,119.95,0.2175,0,119.95,0.000743863,0.00292678,0.000188653,1.10506,6.19166e-06,1.10506,0
block_0,15,0.00425775,0.00411489,0,119.95,0.2325,0,119.95,0.000744017,0.00302714,0.000200312,1.10246,6.44787e-06,1.10246,0
block_0,16,0.00428957,0.00414671,0,119.95,0.2475,0,119.95,0.000744176,0.00313146,0.000212719,1.09971,6.68446e-06,1.09971,0
block_0,17,0.00432193,0.00417907,0,119.95,0.2625,0,119.95,0.00074434,0.00323937,0.000225876,1.09681,6.90116e-06,1.09681,0
block_0,18,0.00435431,0.00421146,0,119.95,0.2775,0,119.95,0.000744508,0.0033505,0.000239791,1.09376,7.09782e-06,1.09376,0
block_0,19,0.00438623,0.00424337,0,119.95,0.2925,0,119.95,0.00074468,0.00346456,0.000254474,1.09058,7.27437e-06,1.09058,0
block_0,20,0.00441719,0.00427433,0,119.95,0.3075,0,119.95,0.000744854,0.00358125,0.000269943,1.08725,7.43085e-06,1.08725,0
block_0,21,0.00444672,0.00430386,0,119.95,0.3225,0,119.95,0.000745031,0.0037003,0.00028622,1.08379,7.56738e-06,1.08379,0
block_0,22,0.00447438,0.00433152,0,119.95,0.3375,0,119.95,0.000745209,0.00382149,0.000303334,1.08019,7.68414e-06,1.08019,0
block_0,23,0.00449975,0.00435689,0,119.95,0.3525,0,119.951,0.000745389,0.0039446,0.000321319,1.07645,7.7814e-06,1.07645,0
block_0,24,0.00452244,0.00437958,0,119.95,0.3675,0,119.951,0.000745569,0.00406947,0.00034022,1.07258,7.85945e-06,1.07258,0
block_0,25,0.00454208,0.00439922,0,119.95,0.3825,0,119.951,0.000745749,0.00419592,0.000360086,1.06857,7.91867e-06,1.06857,0
block_0,26,0.00455831,0.00441546,0,119.95,0.3975,0,119.951,0.000745928,0.00432385,0.00038098,1.06442,7.95947e-06,1.06442,0
block_0,27,0.00457083,0.00442797,0,119.95,0.4125,0,119.951,0.000746106,0.00445314,0.000402971,1.06013,7.98231e-06,1.06013,0
block_0,28,0.00457932,0.00443647,0,119.95,0.4275,0,119.951,0.000746283,0.00458372,0.00042614,1.05569,7.98768e-06,1.05569,0
block_0,29,0.00458352,0.00444066,0,119.95,0.4425,0,119.951,0.000746458,0.00471553,0.000450583,1.05112,7.97611e-06,1.05112,0
block_0,30,0.00458316,0.0044403,0,119.95,0.4575,0,119.951,0.00074663,0.00484855,0.000476408,1.04639,7.94816e-06,1.04639,0
block_0,31,0.00457799,0.00443514,0,119.95,0.4725,0,119.951,0.0007468,0.00498275,0.000503739,1.0415,7.90443e-06,1.0415,0
block_0,32,0.0045678,0.00442495,0,119.95,0.4875,0,119.951,0.000746967,0.00511815,0.00053272,1.03646,7.84553e-06,1.03646,0
block_0,33,0.00455238,0.00440952,0,119.95,0.5025,0,119.951,0.000747129,0.00525479,0.000563515,1.03125,7.77211e-06,1.03125,0
block_0,34,0.00453154,0.00438868,0,119.95,0.5175,0,119.951,0.000747288,0.00539274,0.000596316,1.02587,7.68483e-06,1.02587,0
block_0,35,0.00450509,0.00436223,0,119.95,0.5325,0,119.951,0.000747443,0.00553208,0.000631341,1.02031,7.58438e-06,1.02031,0
block_0,36,0.00447288,0.00433002,0,119.95,0.5475,0,119.951,0.000747593,0.00567293,0.000668846,1.01456,7.47147e-06,1.01456,0
block_0,37,0.00443476,0.0042919,0,119.95,0.5625,0,119.951,0.000747739,0.00581546,0.000709126,1.00861,7.34679e-06,1.00861,0
block_0,38,0.00439059,0.00424773,0,119.95,0.5775,0,119.951,0.000747879,0.00595986,0.00075253,1.00245,7.2111e-06,1.00245,0
block_0,39,0.00434027,0.00419741,0,119.95,0.5925,0,119.951,0.000748014,0.00610638,0.000799464,0.996061,7.06511e-06,0.996061,0
block_0,40,0.00428368,0.00414083,0,119.95,0.6075,0,119.952,0.000748144,0.00625533,0.000850411,0.989437,6.90958e-06,0.989437,0
block_0,41,0.00422077,0.00407791,0,119.95,0.6225,0,119.952,0.000748268,0.00640709,0.000905947,0.98256,6.74524e-06,0.98256,0
block_0,42,0.00415145,0.0040086,0,119.95,0.6375,0,119.952,0.000748387,0.00656214,0.000966762,0.97541,6.57282e-06,0.97541,0
block_0,43,0.00407571,0.00393285,0,119.95,0.6525,0,119.952,0.000748499,0.00672105,0.00103369,0.967968,6.39305e-06,0.967968,0
block_0,44,0.00399354,0.00385068,0,119.95,0.6675,0,119.952,0.000748605,0.00688458,0.00110775,0.960211,6.20667e-06,0.960211,0
block_0,45,0.00390498,0.00376212,0,119.95,0.6825,0,119.952,0.000748706,0.00705365,0.00119021,0.952113,6.01433e-06,0.952113,0
block_0,46,0.0038101,0.00366725,0,119.95,0.6975,0,119.952,0.0007488,0.00722945,0.00128263,0.943645,5.81633e-06,0.943645,0
block_0,47,0.00370906,0.0035662,0,119.95,0.7125,0,119.952,0.000748887,0.00741351,0.00138699,0.934775,5.61311e-06,0.934775,0
block_0,48,0.00360207,0.00345921,0,119.95,0.7275,0,119.952,0.000748972,0.00760781,0.00150582,0.925465,5.40925e-06,0.925465,0
block_0,49,0.00348943,0.00334658,0,119.95,0.7425,0,119.952,0.000749053,0.00781496,0.00164243,0.915673,5.21125e-06,0.915673,0
block_0,50,0.00297794,0.00283508,0,119.95,0.875,0,119.953,0.000749513,0.00977964,0.0030361,0.825184,3.35411e-06,0.825184,48.9812
